{
    "model": "./t5-small-simplification",
    "num_test_sentences": 17109,
    "test_split": {
        "bertscore_precision_mean": 0.9238325357437134,
        "bertscore_recall_mean": 0.9145494103431702,
        "bertscore_f1_mean": 0.9188340902328491,
        "bleu": 0.3032651915068207,
        "token_f1_mean": 0.5862790116252944,
        "flesch_kincaid_mean": 9.525500035858071,
        "sari": 49.72092361983511,
        "rouge_l": 0.5532621652613889
    },
    "asset_multi_reference_sari": 46.947268160547914
}